train,108
train,30
train,182
train,266
train,210
train,188
train,49
train,296
train,99
train,243
train,271
train,286
train,172
train,239
train,177
train,89
train,238
train,202
train,173
train,244
train,85
train,227
train,19
train,193
train,154
train,174
train,233
train,276
train,144
train,160
train,262
train,208
train,2
train,76
train,301
train,146
train,205
train,34
train,22
train,35
train,62
train,248
train,184
train,264
train,77
train,240
train,275
train,36
train,111
train,178
train,10
train,56
train,225
train,70
train,284
train,104
train,81
train,31
train,139
train,169
train,274
train,214
train,319
train,299
train,163
train,24
train,268
train,26
train,12
train,257
train,25
train,280
train,142
train,181
train,309
train,179
train,237
train,198
train,175
train,126
train,164
train,261
train,96
train,321
train,72
train,252
train,204
train,278
train,267
train,317
train,9
train,39
train,203
train,306
train,16
train,38
train,312
train,242
train,285
train,114
train,183
train,289
train,322
train,73
train,287
train,50
train,236
train,83
train,67
train,166
train,192
train,247
train,158
train,102
train,80
train,161
train,190
train,150
train,54
train,86
train,152
train,219
train,134
train,20
train,122
train,92
train,315
train,37
train,101
train,167
train,57
train,5
train,295
train,53
train,320
train,64
train,27
train,66
train,313
train,314
train,87
train,211
train,79
train,6
train,29
train,121
train,127
train,82
train,116
train,75
train,69
train,234
train,135
train,171
train,40
train,42
train,265
train,74
train,209
train,47
train,185
train,28
train,316
train,63
train,71
train,231
train,115
train,297
train,21
train,18
train,8
train,65
train,196
train,23
train,46
train,149
train,251
train,45
train,304
train,232
train,246
train,153
train,218
train,84
train,156
train,159
train,307
train,137
train,0
train,222
train,106
train,91
train,263
train,105
train,129
train,229
train,141
train,269
train,93
train,123
train,293
train,109
train,303
train,143
train,254
train,132
train,33
train,207
train,223
train,189
train,200
train,98
train,308
train,186
train,292
train,226
train,168
train,323
train,305
train,90
train,147
train,273
train,260
train,131
train,103
train,59
train,140
train,220
train,138
train,279
train,197
train,3
train,58
train,128
train,288
train,43
train,165
train,250
train,282
train,298
train,157
train,217
train,180
train,78
train,281
train,120
train,7
train,272
train,125
train,94
train,100
train,215
train,133
train,41
train,310
train,55
train,290
train,44
train,191
train,187
train,88
train,212
train,206
train,124
train,245
train,17
train,201
train,258
train,255
train,145
train,155
train,97
train,259
train,294
train,256
train,170
train,61
train,151
train,95
train,51
train,213
train,300
train,148
train,235
train,112
train,118
train,176
train,119
train,283
train,318
train,224
val,113
val,270
val,311
val,216
val,110
val,195
val,4
val,277
val,13
val,11
val,15
val,162
val,52
val,302
val,117
val,136
val,228
val,1
val,221
val,199
val,14
val,249
val,48
val,107
val,194
val,241
val,230
val,253
val,60
val,130
val,32
val,291
val,68
